{"cameraMode":{"drawMode":0,"name":"Shaded","section":"Shading Mode"},"sceneLighting":true,"audioPlay":false,"sceneViewState":{"m_AlwaysRefresh":false,"showFog":true,"showSkybox":true,"showFlares":true,"showImageEffects":true,"showParticleSystems":true,"showVisualEffectGraphs":true,"m_FxEnabled":true},"in2DMode":false,"pivot":{"x":14.125797271728516,"y":13.941089630126954,"z":-2.861879587173462},"rotation":{"x":-0.008538014255464077,"y":0.784436821937561,"z":-0.6202007532119751,"w":-0.010872576385736466},"size":5.955860137939453,"orthographic":false}